population,article_count,coverage
622.0,72,1.157556270096463e-05
356.0,34,9.550561797752809e-06
294.0,27,9.183673469387756e-06
605.0,40,6.611570247933884e-06
556.0,36,6.474820143884892e-06
393.0,20,5.089058524173028e-06
287.0,14,4.878048780487805e-06
419.0,16,3.818615751789976e-06
988.0,37,3.744939271255061e-06
787.0,20,2.5412960609911054e-06
