population,article_count,article_quality_count,quality
25.779,36,8,22.22222222222222
35.041,117,15,12.820512820512821
19.241,343,42,12.244897959183673
4.83,66,8,12.121212121212121
34.174,28,3,10.714285714285714
4.65,48,5,10.416666666666666
18.066,83,7,8.433734939759036
72.0,12,1,8.333333333333334
19.398,128,10,7.8125
12.209000000000001,91,7,7.6923076923076925
