country,article_count,article_quality_count,coverage
Canada,1910,104,5.445026178010472
Palestinian Territory,11691,316,2.70293388076298
Germany,15776,350,2.2185598377281948
New Zealand,3127,63,2.0147105852254557
Chad,6844,119,1.7387492694330802
Nicaragua,5273,76,1.4413047600986155
