population,article_count,coverage
0.01,54,0.54
2.838,457,0.016102889358703312
4.987,783,0.01570082213755765
5.3870000000000005,656,0.012177464265825135
3.535,423,0.011966053748231967
1.331,148,0.01111945905334335
5.529,569,0.010291191897268945
0.21,21,0.01
2.7939999999999996,244,0.008732999284180388
3.531,285,0.008071367884451997
